CREATE TABLE "django_admin_log" (
    "id" serial NOT NULL PRIMARY KEY,
    "action_time" timestamp with time zone NOT NULL,
    "user_id" integer NOT NULL,
    "content_type_id" integer,
    "object_id" text,
    "object_repr" varchar(200) NOT NULL,
    "action_flag" smallint CHECK ("action_flag" >= 0) NOT NULL,
    "change_message" text NOT NULL
)
;
CREATE INDEX "django_admin_log_user_id" ON "django_admin_log" ("user_id");
CREATE INDEX "django_admin_log_content_type_id" ON "django_admin_log" ("content_type_id");
CREATE TABLE "auth_permission" (
    "id" serial NOT NULL PRIMARY KEY,
    "name" varchar(50) NOT NULL,
    "content_type_id" integer NOT NULL,
    "codename" varchar(100) NOT NULL,
    UNIQUE ("content_type_id", "codename")
)
;
CREATE TABLE "auth_group_permissions" (
    "id" serial NOT NULL PRIMARY KEY,
    "group_id" integer NOT NULL,
    "permission_id" integer NOT NULL REFERENCES "auth_permission" ("id") DEFERRABLE INITIALLY DEFERRED,
    UNIQUE ("group_id", "permission_id")
)
;
CREATE TABLE "auth_group" (
    "id" serial NOT NULL PRIMARY KEY,
    "name" varchar(80) NOT NULL UNIQUE
)
;
ALTER TABLE "auth_group_permissions" ADD CONSTRAINT "group_id_refs_id_f4b32aac" FOREIGN KEY ("group_id") REFERENCES "auth_group" ("id") DEFERRABLE INITIALLY DEFERRED;
CREATE TABLE "auth_user_groups" (
    "id" serial NOT NULL PRIMARY KEY,
    "user_id" integer NOT NULL,
    "group_id" integer NOT NULL REFERENCES "auth_group" ("id") DEFERRABLE INITIALLY DEFERRED,
    UNIQUE ("user_id", "group_id")
)
;
CREATE TABLE "auth_user_user_permissions" (
    "id" serial NOT NULL PRIMARY KEY,
    "user_id" integer NOT NULL,
    "permission_id" integer NOT NULL REFERENCES "auth_permission" ("id") DEFERRABLE INITIALLY DEFERRED,
    UNIQUE ("user_id", "permission_id")
)
;
CREATE TABLE "auth_user" (
    "id" serial NOT NULL PRIMARY KEY,
    "password" varchar(128) NOT NULL,
    "last_login" timestamp with time zone NOT NULL,
    "is_superuser" boolean NOT NULL,
    "username" varchar(30) NOT NULL UNIQUE,
    "first_name" varchar(30) NOT NULL,
    "last_name" varchar(30) NOT NULL,
    "email" varchar(75) NOT NULL,
    "is_staff" boolean NOT NULL,
    "is_active" boolean NOT NULL,
    "date_joined" timestamp with time zone NOT NULL
)
;
ALTER TABLE "auth_user_groups" ADD CONSTRAINT "user_id_refs_id_40c41112" FOREIGN KEY ("user_id") REFERENCES "auth_user" ("id") DEFERRABLE INITIALLY DEFERRED;
ALTER TABLE "auth_user_user_permissions" ADD CONSTRAINT "user_id_refs_id_4dc23c39" FOREIGN KEY ("user_id") REFERENCES "auth_user" ("id") DEFERRABLE INITIALLY DEFERRED;
CREATE INDEX "auth_permission_content_type_id" ON "auth_permission" ("content_type_id");
CREATE INDEX "auth_group_permissions_group_id" ON "auth_group_permissions" ("group_id");
CREATE INDEX "auth_group_permissions_permission_id" ON "auth_group_permissions" ("permission_id");
CREATE INDEX "auth_group_name_like" ON "auth_group" ("name" varchar_pattern_ops);
CREATE INDEX "auth_user_groups_user_id" ON "auth_user_groups" ("user_id");
CREATE INDEX "auth_user_groups_group_id" ON "auth_user_groups" ("group_id");
CREATE INDEX "auth_user_user_permissions_user_id" ON "auth_user_user_permissions" ("user_id");
CREATE INDEX "auth_user_user_permissions_permission_id" ON "auth_user_user_permissions" ("permission_id");
CREATE INDEX "auth_user_username_like" ON "auth_user" ("username" varchar_pattern_ops);
CREATE TABLE "django_content_type" (
    "id" serial NOT NULL PRIMARY KEY,
    "name" varchar(100) NOT NULL,
    "app_label" varchar(100) NOT NULL,
    "model" varchar(100) NOT NULL,
    UNIQUE ("app_label", "model")
)
;
CREATE TABLE "django_session" (
    "session_key" varchar(40) NOT NULL PRIMARY KEY,
    "session_data" text NOT NULL,
    "expire_date" timestamp with time zone NOT NULL
)
;
CREATE INDEX "django_session_session_key_like" ON "django_session" ("session_key" varchar_pattern_ops);
CREATE INDEX "django_session_expire_date" ON "django_session" ("expire_date");

ALTER TABLE "auth_permission" ADD CONSTRAINT "content_type_id_refs_id_d043b34a" FOREIGN KEY ("content_type_id") REFERENCES "django_content_type" ("id") DEFERRABLE INITIALLY DEFERRED;
ALTER TABLE "django_admin_log" ADD CONSTRAINT "content_type_id_refs_id_93d2d1f8" FOREIGN KEY ("content_type_id") REFERENCES "django_content_type" ("id") DEFERRABLE INITIALLY DEFERRED;
ALTER TABLE "django_admin_log" ADD CONSTRAINT "user_id_refs_id_c0d12874" FOREIGN KEY ("user_id") REFERENCES "auth_user" ("id") DEFERRABLE INITIALLY DEFERRED;

INSERT INTO auth_permission (id, name, content_type_id, codename) VALUES (1, 'Can add log entry', 1, 'add_logentry');
INSERT INTO auth_permission (id, name, content_type_id, codename) VALUES (2, 'Can change log entry', 1, 'change_logentry');
INSERT INTO auth_permission (id, name, content_type_id, codename) VALUES (3, 'Can delete log entry', 1, 'delete_logentry');
INSERT INTO auth_permission (id, name, content_type_id, codename) VALUES (4, 'Can add permission', 2, 'add_permission');
INSERT INTO auth_permission (id, name, content_type_id, codename) VALUES (5, 'Can change permission', 2, 'change_permission');
INSERT INTO auth_permission (id, name, content_type_id, codename) VALUES (6, 'Can delete permission', 2, 'delete_permission');
INSERT INTO auth_permission (id, name, content_type_id, codename) VALUES (7, 'Can add group', 3, 'add_group');
INSERT INTO auth_permission (id, name, content_type_id, codename) VALUES (8, 'Can change group', 3, 'change_group');
INSERT INTO auth_permission (id, name, content_type_id, codename) VALUES (9, 'Can delete group', 3, 'delete_group');
INSERT INTO auth_permission (id, name, content_type_id, codename) VALUES (10, 'Can add user', 4, 'add_user');
INSERT INTO auth_permission (id, name, content_type_id, codename) VALUES (11, 'Can change user', 4, 'change_user');
INSERT INTO auth_permission (id, name, content_type_id, codename) VALUES (12, 'Can delete user', 4, 'delete_user');
INSERT INTO auth_permission (id, name, content_type_id, codename) VALUES (13, 'Can add content type', 5, 'add_contenttype');
INSERT INTO auth_permission (id, name, content_type_id, codename) VALUES (14, 'Can change content type', 5, 'change_contenttype');
INSERT INTO auth_permission (id, name, content_type_id, codename) VALUES (15, 'Can delete content type', 5, 'delete_contenttype');
INSERT INTO auth_permission (id, name, content_type_id, codename) VALUES (16, 'Can add session', 6, 'add_session');
INSERT INTO auth_permission (id, name, content_type_id, codename) VALUES (17, 'Can change session', 6, 'change_session');
INSERT INTO auth_permission (id, name, content_type_id, codename) VALUES (18, 'Can delete session', 6, 'delete_session');

INSERT INTO auth_user (id, password, last_login, is_superuser, username, first_name, last_name, email, is_staff, is_active, date_joined) VALUES (1, 'bcrypt$$2a$12$5A2mBteYFV30a7OrThr9G.uDa5VUz9D.OzB4cMIVC9/0KaB5YHjX6', '2014-08-19 11:53:40.47364+00', true, 'joe', '', '', '', true, true, '2014-08-18 21:37:43.221913+00');
INSERT INTO auth_user (id, password, last_login, is_superuser, username, first_name, last_name, email, is_staff, is_active, date_joined) VALUES (3, 'bcrypt$$2a$12$ZDY75.ssZCRm1NdTohZE6eb5uiDCbXVSzgY4pNyQni0rtOfJetI5m', '2014-08-19 12:43:29.614055+00', true, 'nick', '', '', '', true, true, '2014-08-19 11:54:49+00');
INSERT INTO auth_user (id, password, last_login, is_superuser, username, first_name, last_name, email, is_staff, is_active, date_joined) VALUES (2, 'bcrypt$$2a$12$3DL3z7tooquxhAhgcZBud.dw48ch201UrSaKqEFJxi2hkOsOAoLLu', '2014-08-19 13:29:19.314659+00', true, 'dan', '', '', '', true, true, '2014-08-19 11:54:37+00');

INSERT INTO django_content_type (id, name, app_label, model) VALUES (1, 'log entry', 'admin', 'logentry');
INSERT INTO django_content_type (id, name, app_label, model) VALUES (2, 'permission', 'auth', 'permission');
INSERT INTO django_content_type (id, name, app_label, model) VALUES (3, 'group', 'auth', 'group');
INSERT INTO django_content_type (id, name, app_label, model) VALUES (4, 'user', 'auth', 'user');
INSERT INTO django_content_type (id, name, app_label, model) VALUES (5, 'content type', 'contenttypes', 'contenttype');
INSERT INTO django_content_type (id, name, app_label, model) VALUES (6, 'session', 'sessions', 'session');

